title,label,pred,prob
An Experimental Evaluation of the HP VClass and SGI Origin 2000 Multiprocessors using Microbenchmarks and,0,0,0.06466305255889893
Running Title: Entropy-enthalpy compensation,0,0,6.666748959105462e-05
CIFOR REPORTS ON DECENTRALIZATION AND FORESTS IN INDONESIA District and Provincial Case Studies,0,0,0.21993428468704224
Optimal Feedback Control for Route Tracking With a Bounded Curvature Vehicle,1,1,0.8876254558563232
Call for Papers.......................41 Fragments..............................42,0,0,0.99
On the Use of Numeraires in Option Pricing,1,1,0.8872010111808777
An Allirmative Action/Equal Opportunity Employer Buckling Investigation of Ring-Stiffened Cylindrical Shells Under Unsymmetrical Axial Loads,0,0,0.30058637261390686
"The tree center problems and the relationship with the bottleneck knapsack problems”, Networks 29",0,0,0.06847921758890152
"Differences and Commonalities of Service-Oriented Device Architectures, Wireless Sensor Networks and Networks-On-Chip",1,1,0.5020655393600464
Knowledge Partitioning in Outsourced Software Development: A Field Study,1,1,0.8503260016441345
A MDL-based Model of Gender Knowledge Acquisition,1,1,0.8449832201004028
(1) INTRODUCTION.,0,0,0.0009022166486829519
Abstract Characterizing the Performance of Multiple-image Point-correspondence Algorithms using Self-Consistency,0,0,0.19580772519111633
"2003), “Correcting the Errors: Volatility Forecast Evaluation Using High-Frequency Data and Realized Volatilities,” working paper",0,0,0.003661460941657424
The Stanford Testbed of Autonomous Rotorcraft for Multi Agent Control (STARMAC,0,1,0.5742391347885132
"? TU Delft, Delft The Netherland, 2006 MODEL ORDER REDUCTION FOR LARGE SCALE FINITE ELEMENT ENGINEERING MODELS",0,0,6.671941719105234e-06
"2391 Polymorphisms and Haplotypes in the Cytochrome P450 17A1, Prolactin, and Catechol-O-Methyltransferase Genes and",0,0,0.015019454061985016
NASA Contractor Report494923 Advanced Information Processing System: Authentication Protocols for Network Communication,1,0,0.001219094032421708
FUNCTIONAL BLOCK DIAGRAM,0,0,0.18852700293064117
SECOND Edition 6 Commentary on Load Determination and Structural Design Criteria,0,0,0.005502179730683565
Notation as a Tool of,0,0,4.3208550778217614e-05
Internet Software Consortium,0,0,0.007917262613773346
Semantic Domains and Supersense Tagging for Domain-Speci c Ontology Learning,0,1,0.6657419204711914
SOME NEW SCALES OF CHARACTERIZATION OF HARDY’S INEQUALITY,1,1,0.7303670644760132
Contents,0,0,2.554013690314605e-06
"Definability, Automorphisms, And Dynamic Properties Of Computably Enumerable Sets",1,1,0.8279047012329102
"KEY WORDS: 3D Monocular Restitution, Laser Scanner, Low Cost Digital Camera and Vector Mapping.",0,0,0.0022272428032010794
Implementing a Graphical Multi-User Interface Toolkit,1,1,0.6952736973762512
Editorial Statement,0,0,1.1144296877318993e-05
Brown Dwarfs and Planets Around Solar--Type Stars: Searches by Precise Velocities,1,1,0.7207001447677612
Test Activities Involving Mid-Frequency Active Sonar (MFAS)/High Frequency Active,0,0,0.0679536983370781
Process Modelling Notations for eGovernment: An Assessment of Modelling Notations for Identity Management Abstract,0,1,0.7321048378944397
1 Introduction On quadratic non-residues,0,0,0.24261759221553802
"Rwanda: The Search for Post-Conflict Socio-Economic Change, 1995-2001 Africa Region Working Paper Series No",0,0,0.003566690254956484
Deliberate normative agents: principles and architecture,1,1,0.7699158787727356
Designing for Collective Remembering,1,1,0.6608557105064392
1 2 3,0,0,3.519149322528392e-05
1 Gradient-based optimization of mother wavelets,0,1,0.8422753214836121
A High-level Petri Net Ontology Compatible with PNML,1,1,0.8564206957817078
SBDM as a Model for Codesign Data,1,1,0.8196807503700256
nan,0,0,2.377741566306213e-06
"AN INEXPENSIVE TACTILE INFRASTRUCTURE FOR ROBOTICS, GRAPHICS, AND IMAGING",1,1,0.8597140312194824
Lex-Optimal Multiclass Scheduling with Deadlines,1,1,0.8212388753890991
I S,0,0,3.975932486355305e-06
Minimum Enclosing and Maximum Excluding Machine for Pattern Description and Discrimination,1,1,0.7940062880516052
DERIVING PROTEIN STRUCTURE TOPOLOGY FROM THE HELIX SKELETON IN LOW RESOLUTION DENSITY MAP USING ROSETTA,1,1,0.8017357587814331
Machine Tongues 11: Object-Oriented Software Design,1,1,0.7209206223487854
A Test Case Generation Algorithm for Real-Time Systems,1,1,0.7778998017311096
Training a Prosody-Based Dialog Act Tagger from Unlabeled Data,1,1,0.9231745004653931
FLANNEL: Adding computation to electronic mail during transmission,1,1,0.8858808875083923
Critique from an Ecological Perspective. Link 95:,0,0,0.0006447717314586043
Revising Horn Theories,1,1,0.8209949135780334
Earth Observation for a Changing World- Temporal Issues,0,0,0.99
"Proc. of the 6th Nordic Workshop on Programming Theory, 17-19 October 1994, Aarhus, Denmark",0,0,0.0006916166166774929
Accepted by SIAM J. Numer. Anal. A NEW DUAL-PETROV-GALERKIN METHOD FOR THIRD AND HIGHER ODD-ORDER DIFFERENTIAL EQUATIONS: APPLICATION TO THE KDV EQUATION,0,0,4.29721058026189e-06
Schema Matching using Duplicates,1,1,0.8875489830970764
Supplementary Material Common peptides shed light on evolution of Olfactory,0,0,8.031346078496426e-05
An experimental study on diversity for bagging and boosting with linear classifiers,1,1,0.8349769711494446
Moneytree: Ambient information visualization of financial data,1,1,0.8618340492248535
Multi-Channel ECG and Noise Modeling: Application to Maternal and Fetal ECG Signals,1,1,0.835830807685852
"Spin or, Actually: Spin and Quantum Statistics ?",0,1,0.831046462059021
"National Aeronautics and Space Administration The Earth Observer. January- February 2009. Volume 21, Issue 1. Editor’s Corner",0,0,0.99
Example,0,0,2.322858790648752e-06
Application of Bayesian Hierarchical Modelling to a Delayed Action Oscillator Model for the El Ni?o-Southern Oscillation,0,0,0.017002005130052567
Contents,0,0,2.554013690314605e-06
University of?Heidelberg,0,0,1.203158899443224e-05
Transient Identification at Nuclear Power Plants Using Support Vector Machines,1,1,0.8867159485816956
Realizing Affect in Speech Classification in Real-Time,1,1,0.7331781387329102
3. HEALTH EFFECTS,1,0,1.8652174276212463e-06
Coding and Information-Theoretic Aspects of Multiple Antenna Communication Systems,1,1,0.8066762089729309
Multi-modal Discourse Investigation with SIDGrid,1,1,0.8441891670227051
Status of Memo,0,0,0.11489870399236679
"242 JLEO, V23 N1 Network Effects in the Governance of Strategic Alliances",0,0,0.053122665733098984
Quicknet on multispert: fast parallel neural network training,1,1,0.831730306148529
A Note on Viable Proposals,1,1,0.5581386089324951
Acquisition TECHNOLOGY AND ACQUISITION SYSTEMS,0,0,0.09179758280515671
• Physics of strong fields:,0,0,1.343025928690622e-06
A Different Look at Secure Distributed Computation,1,1,0.802237868309021
Hearing about a Job: A Model of Differential Information Flow and Job Matching,1,1,0.8291937112808228
"Identifiers, Privacy and Trust in the Internet of Services",1,1,0.7525045275688171
Command Modes,0,0,1.705084287095815e-05
3. Limiting References,0,0,9.13366147869965e-06
Optimal Policy for a Deteriorating Inventory Model with Finite Replenishment Rate and with Price Dependant Demand Rate and Cycle,0,1,0.743610143661499
radionuclides,0,0,7.365705187112326e-06
Bagging in the Presence of Outliers,1,1,0.8860188126564026
System 6. Performing Organization Code,0,0,0.001546715502627194
John Tukey at Bell Labs.,0,0,0.00019903182692360133
"Lefschetz extensions, tight closure and big CohenMacaulay algebras",1,0,0.06371642649173737
REFERENCES,0,0,2.475376049915212e-06
nan,0,0,2.3777438400429673e-06
On the Validity of Throughput as a Characteristic of . . .,0,0,0.00021077829296700656
Wbest: a bandwidth estimation tool for ieee 802.11 wireless networks,1,1,0.9496361613273621
"xBFT: Byzantine Fault Tolerance with High Performance, Low Cost, and Aggressive Fault Isolation",1,1,0.9047191739082336
Juncus uncialis Greene inch-high rush Juncaceae (Rush Family) Juncus uncialis inch-high rush Status: State Sensitive,0,0,0.014456762932240963
Jet Curvature Due to Nonaxisymmetric Radiative Drag in Active Galactic Nuclei,1,1,0.8388638496398926
The Keel Meta-,0,0,0.050552528351545334
Stability Of Runge-Kutta Methods For Stiff Ordinary Differential Equations,1,1,0.7783080339431763
2.1 CREATING A SOCIAL,0,0,0.00011354804155416787
Status of This Memo Feed Paging and Archiving,0,0,0.17163409292697906
Development and Evaluation of an Interactive WebQuest Environment: “Web Macerasi”,1,1,0.6354997754096985
Consumer perspectives,0,0,5.6469063565600663e-05
Toward a Plan Steering Agent: Experiments with Schedule Maintenance,1,1,0.7891470789909363
Table of contents Table of contents...................................................................................2,0,0,0.99
Distributed CDMA-based MAC Protocol for Underwater Sensor Networks,1,1,0.8717669248580933
MINIMUM MEAN SQUARE ESTIMATION AND NEURAL NETWORKS,1,1,0.7191987037658691
URI's and Intertextuality: Incumbant Philosophical Commitments in the Development of the Semantic Web,1,1,0.7242541313171387
On the departure process of a leaky bucket system withLong-Range Dependent Input  Traffic,1,0,0.47469237446784973
Empirical Evaluation of Software Quality Attributes,1,1,0.7911335825920105
A Geospatial Interoperability Reference Model (G.I.R.M.) Prepared by the FGDC Geospatial Applications and Interoperability (GAI) Working Group,0,0,0.0016473038122057915
2009 10th International Conference on Document Analysis and Recognition Keyword Spotting in Document Images through Word Shape Coding,0,0,3.113010461675003e-05
Summary,0,0,9.451296136830933e-06
University Life by Successful Black Undergraduate Students at a Predominately,0,0,0.001302671036683023
Intelligent and Autonomous Systems Machine Learning Pattern Recognition and Data Mining,0,0,0.035853028297424316
BRIDGING THE DISTANCE Implementing Videoconferencing in Wisconsin,1,1,0.7937871813774109
Computational identification of the Spo0A-phosphate regulon that is essential for the cellular differentiation and development in Gram-positive spore-forming bacteria,1,1,0.6465783715248108
Revised,0,0,4.5567293227577466e-07
Controlling synchro-drive robots with the dynamic window approach to collision avoidance,1,1,0.8240050673484802
Repeater Insertion in deep sub-micron CMOS: Ramp-based Analytical Model and Placement Sensitivity Analysis,1,1,0.8405168056488037
Inflation Targeting in the Context of IMF–Supported Adjustment Programs,1,1,0.8668468594551086
Hybrid Hall Effect Devices – A Novel Building Block For Reconfigurable Logic,1,1,0.8173092007637024
"45 Pathways of Development in the Hillsides of Honduras: Causes and Implications for Agricultural Production, Poverty, and Sustainable Resource Use, by",0,0,0.3044370710849762
Transition Graph Methodology for Estimating Power Dissipation and its Application to Latch Design,1,1,0.8252877593040466
Abstract,0,0,6.242252311494667e-06
Parallel Genetic Algorithms with Distributed Panmictic Populations,1,1,0.7827262282371521
Stepwise Program Derivation,1,1,0.7313946485519409
Dynamic Limited Dependent Variable Modeling and U.S. Monetary Policy,1,1,0.6839480400085449
Dynamic k-Times Anonymous Authentication,1,1,0.6929281949996948
nan,0,0,2.377739519943134e-06
nan,0,0,2.377739519943134e-06
at the Federal Reserve Bank of,0,0,2.8345205009827623e-06
HILBERT SCHEME OF RATIONAL CUBIC CURVES VIA STABLE MAPS,1,1,0.7038821578025818
A dynamic model of settlement,1,1,0.7245169281959534
Contents,0,0,2.554013690314605e-06
Profiling Network Applications with Fuzzy C-Means Clustering and Self-Organising Map,0,1,0.628578782081604
Four short questions on Birkhoff polytope,1,1,0.7867502570152283
DYNAMIC GEOMETRY SOFTWARE NOT ONLY FOR SIMPLE DRAGGING,1,1,0.8020598888397217
"Wide-band statistical model for the LMS channel F.P.Fontan 1, M.A.V.Castro 1",0,0,0.0006790775223635137
BMC Evolutionary Biology BioMed Central,0,0,3.151283749502909e-07
PATINKIN ON INVOLUNTARY UNEMPLOYMENT AND THE AGGREGATE SUPPLY CURVE,1,0,0.04705401882529259
nan,0,0,2.3777438400429673e-06
ASM Support for Validation of Specifications:,0,0,2.8907028536195867e-05
Collective Traffic Control on Motorways,1,1,0.8091402053833008
Issues and Options.,0,0,0.99
Advanced Virtual Medicine: Techniques and Applications for Virtual Endoscopy and Soft-Tissue Simulation,1,0,0.99
Air Accidents SECTION 40 N/A AAIB Investigation,0,0,0.011856176890432835
A. Focus of Aerospace ATG............................................................................................................... 1 B. Applicability of Aerospace ATG...................................................................................,0,0,0.99
FORUM ON “METHODOLOGICAL CRITIQUE ON CATEGORY SPECIFICITY” COMMENTARY ON KEITH R. LAWS: “ILLUSIONS OF NORMALITY”,0,0,0.037921126931905746
–  ( log) amortized bounds using buffers and lazyness,0,0,0.26435333490371704
Using Redundancy to Improve Robustness of Distributed Mechanism Implementations,1,1,0.8442798852920532
NONLINEAR CONTROL OF POWER NETWORK MODELS USING FEEDBACK LINEARIZATION,1,1,0.8350310325622559
SUMMARY,0,0,9.451277946936898e-06
License GPL-2,1,0,9.488720024819486e-06
The Development and Implementation of Forest Fire Management Decision Support,0,1,0.7482050657272339
Conceptual Indexing for Video Retrieval,1,1,0.8907343149185181
U-Net: A User-Level Network Interface for Parallel and Distributed Computing,1,1,0.8075265288352966
DISTRIBUTED DATA INTEGRATION AND MINING USING ADMIRE TECHNOLOGY ?,0,1,0.9166151285171509
Business Case In The Context of SACIS,1,1,0.5806646943092346
nan,0,0,2.3777438400429673e-06
Technical Instrument Report WFPC2 2008-003 An Update on Creating a WFPC2 Yearly,0,0,0.00023889177828095853
Grid Service Specification,1,0,0.33987322449684143
HYDRODYNAMIC TESTS ON A FIXED PLATE IN UNIFORM FLOW CONTENTS,0,1,0.8079659342765808
SUMMARY,0,0,9.451277946936898e-06
Feature-preserving Denoising of Time-varying Range Data,1,1,0.8516570329666138
Counting Satisfiable k-CNF Formulas,1,1,0.7409380078315735
Presented to Parliament by the Secretary of State for Trade and Industry By Command of Her Majesty,0,0,4.430861008586362e-05
High-Performance Deduction for Verification: A Case Study in the Theory of Arrays,1,1,0.7747688293457031
"Title: Jump Processes in Finance: Modeling, Simulation, Inference and Pricing",0,0,0.006030237767845392
A Bilateral Remote User Authentication Scheme that Preserves User Anonymity ?,0,1,0.9191230535507202
1 Soft Noncoherent Equalization of Doubly Selective Channels using Basis Expansion and Tree Search,0,1,0.8720875382423401
Robust Model Predictive Control: A,0,0,0.0009786153677850962
Convergence Of Probability Measures Revisited,1,1,0.8296489715576172
Maximal sub-triangulation in pre-processing phylogenetic data,1,1,0.8811615705490112
BPF IF Amp Detector,0,0,0.2620188295841217
Experiments With Geographic Knowledge for Information Extraction,1,1,0.786547839641571
The Features,0,0,1.5818513929843903e-05
ALGORITHMS FOR HIGH LEVEL PETRI NETS SIMULATION AND RULE-BASED SYSTEMS,1,1,0.7508968114852905
Index,0,0,1.5140792584134033e-06
Evaluation and Analysis of Nuclear Resonance Data,1,1,0.7496327757835388
Neural Networks for the analysis of Common Mental Disorders Factors.,1,1,0.7562441229820251
Prepared by:,0,0,5.847129500580195e-07
Usability of E-Government Web-Sites for People with Disabilities,1,1,0.8546046614646912
Better real-time response for time-share scheduling,1,1,0.8698469400405884
Halo Membership Service: A specific membership service for large dynamic client,0,0,0.36954087018966675
Abstract,0,0,6.242240488063544e-06
Circuit Techniques for Power-Aware Microprocessors,1,1,0.7578257918357849
DEVELOPMENT OF AN ELECTRONIC MEDICAL RECORD SYSTEM FOR THE UNIVERSITY OF NORTH CAROLINA WILMINGTON SCHOOL OF NURSING,1,1,0.6214061975479126
FOCUS: Searching for Multi-colored Objects in a Diverse Image Database,1,1,0.8962486982345581
Generic Entity Resolution in the SERF Project,1,1,0.8330649137496948
F.: Supporting spatial awareness in training on a telemanipulator in space,0,0,0.04647514969110489
SOFT-SOFT INTERACTIONS DESCRIBED BY QUANTUM MECHANICAL PARAMETERS,0,1,0.7989858388900757
"Ontology, Society, and Ontotheology",1,1,0.6132262945175171
Use of Laser Induced Fluorescence to Detect DNAPL and Fluorophore Mixtures In-Situ,1,1,0.77009516954422
York University Faculty of Science and Engineering The Untethered Scratch Drive Actuator,0,0,0.000516953004989773
Medical Research Methodology,0,0,3.867017585434951e-05
Optimal Satisfiability for Propositional Calculi and Constraint Satisfaction Problems,1,1,0.7972028255462646
An Analysis of Software Interface Issues for SMT Processors,1,0,0.99
A Speculation-Friendly Binary Search Tree,1,1,0.871245801448822
Semantic Deployment of Services,0,1,0.7169540524482727
Using Internal Redundant Representations and Limited Bypass to Support Pipelined Adders and Register Files,1,1,0.8221727609634399
The ROD Crate DAQ software framework of the ATLAS Data Acquisition System,1,1,0.7391484975814819
Construction of Quantum Field Theories with Factorizing S-Matrices,1,1,0.5925942659378052
Additional Key Words a...,0,0,4.040616204292746e-06
NON-OPERATOR REFLEXIVE SUBSPACE LATTICE,1,1,0.5961187481880188
An Approach for Resource Sharing in,0,0,0.00012692873133346438
Contextual Multi-Armed Bandits,1,1,0.7697303295135498
Visualizing vortices in simulated air flow around bat wings during flight,0,1,0.8926791548728943
Implementation of a Real-Time Database System,1,1,0.599864661693573
Su(n)=so(n;,0,0,0.99
ACTA POLYTECHNICA CONTENTS Problem Solving Process { Classical versus Evolutionary Approach::::::::::::::::::::::::::::5,0,0,0.99
Information Model for Packet Sampling Exports,1,1,0.6187859773635864
MODELS OF COMMUNITY,0,0,0.14201363921165466
Quantifiers and Congruence Closure,1,1,0.8026798367500305
Complementary reciprocity theorems in electromagnetic theory,1,1,0.7548502087593079
The Overlay of Lower Envelopes and its Applications,1,1,0.7167870998382568
Studying Macromolecular Motions In A Database,0,1,0.8477091789245605
Internet delay measurements using test traffic: Design note,0,0,0.06329560279846191
Adaptive Saccade Control of a Binocular Head with Dynamic Cell Structures,1,1,0.8575313091278076
"Intelligence, U.S. Army Training and Doctrine Command,",0,0,6.996921797508548e-07
The Enhanced Low Dose Rate sensitivity(ELDRS),1,0,0.3015590012073517
The Lévy-Fokker-Planck equation: Φ-entropies and convergence to equilibrium,1,0,0.1010211780667305
SASIMI: Sparsity-Aware Simulation of Interconnect-Dominated Circuits with Non-Linear Devices,1,1,0.822026252746582
COHOMOLOGY IN ONE-DIMENSIONAL SUBSTITUTION TILING SPACES,1,1,0.7416289448738098
On the empirical distribution of eigenvalues of large dimensional information-plus-noise type matrices,1,1,0.7847448587417603
Janvier1996{JourneesFrancophonesdesLangagesApplicatifs{JFLA96 unlangagefonctionneldeclaratif Lesgrammairesattribuees:,0,0,3.9852975532994606e-06
Cooperative Bug Isolation,0,1,0.8997451066970825
An Ant Colony Approach for the Steiner Tree Problem,1,1,0.8240304589271545
WISE: Automated test generation for worst-case complexity,1,1,0.8339365124702454
1. LATTICE OF MANY SORTED EQUIVALENCE RELATIONS IS COMPLETE,0,0,0.04849318787455559
Sixty Years of Computation - The Machines of Konrad Zuse,1,0,0.2630564868450165
Audio Preview Cues: Support for Exploration of Music Information Spaces,1,1,0.8159856200218201
DESCRIPTION,0,0,3.034252131328685e-06
Evolving Informational Credentials: The (Mis)Attribution of Believable Facts to Credible Sources,1,1,0.8447265028953552
CONSTRAINED MANY-TO-ONE STRING EDITING WITH MEMORY,1,1,0.8186184763908386
Sticky CSMA/CA: Implicit Synchronization and Real-time QoS in Mesh Networks,1,1,0.8503465056419373
Design of Trust Metrics Based on Dempster-Shafer Theory,1,1,0.8615342974662781
ARTICLE pubs.acs.org/IECR Sensitivity-Based Product Portfolio and Design Integration,0,0,3.8301718632283155e-06
APPLICATION OF THE METHOD MACHINE LEARNING APPROACHES TO PERSONALITY TYPE CLASSIFICATION,1,1,0.796294093132019
From the Washington Consensus to the Post-Washington Consensus,0,1,0.7634602189064026
A CONVERGENT FINITE VOLUME SCHEME FOR DIFFUSION ON EVOLVING SURFACES,1,0,0.99
Genetics-based machine learning and behavior based robotics: A new synthesis,1,1,0.706492006778717
Understanding Intrinsic Characteristics and System Implications of Flash Memory based Solid State Drives,1,1,0.8270978331565857
Context Sensitivity in Logical Modeling with Time Delays,1,1,0.8483712077140808
A WWW-Based Expert System Advisor for the Diagnostic of Network Communication Problems,1,1,0.7781637907028198
Acknowledgments,0,0,5.852524282090599e-06
© 2002 Springer-Verlag New York Inc. The Quantum Black-Box Complexity of Majority,0,0,1.2115652907596086e-06
ACKNOWLEDGEMENTS,0,0,3.194827513652854e-05
Wavelets in State Space Models,1,1,0.7434766292572021
VAR ’Puzzles ’ in Four Big Euro-Zone Countries Under Alternative Estimation Strategies,1,1,0.7494773268699646
Hybrid Domain Representation Archive (HyDRA) for Requirements Model Synthesis across Viewpoints,1,1,0.8678904175758362
CHAPTER THREE: HIGH-TECH CRIME: A THRIVING ECONOMY 23,0,0,0.0013568525901064277
Flexible retrieval of Web Services,1,1,0.8456193208694458
Commentary,1,0,1.6074711311375722e-05
Evolving logic programs,1,1,0.6691657304763794
  Efficient Software-Based Fault Isolation,1,1,0.8264353275299072
Correspondence Conservative Arrays: Multidimensional Modulation Codes for Holographic Recording,1,0,0.015178131870925426
Probability Theory..d Related Fields,0,0,0.0012481267331168056
Parameter Estimation In Pairwise Markov Fields,1,1,0.8124008774757385
Implementing Mandatory Network Security In A Policy-Flexible System,1,1,0.8605544567108154
Deciding to Land a UAV Safely in Real Time,1,1,0.8818024396896362
1 Introduction Inferring learning and attitudes from a Bayesian Network of log file data,0,0,0.00031404729816131294
"ANZIAM J. 42 (E) ppC627–C652, 2000 C627 Optimal program execution reversal",0,0,6.732091424055398e-05
Complex object tracking by visual servoing based on 2D image motion,1,1,0.8987905383110046
Deformed Lorentz Symmetry and High-Energy Astrophysics (II),1,0,0.42995062470436096
Fundamenta Informaticae (2007) Histogram Thresholding using Beam Theory and Ambiguity Measures ∗,0,0,9.732087164593395e-06
Efficient Non-Parametric Function Induction in Semi-Supervised Learning,1,1,0.8052605986595154
1. Preliminary Design Explanation 3,0,0,3.589590505725937e-06
JOSEPHSON BEHAVIOR IN SMALL NORMAL ONE-DIMENSIONAL RINGS,1,1,0.685960054397583
Just the FactsCopyrights,0,0,0.99
� Steganography requirements in images: � Visual Quality,0,1,0.621566891670227
M-RAT: Using Rapid Risk Assessment Techniques to Combat Degraded Modes of Operation,1,1,0.8567392230033875
Musical Data Mining for Electronic Music Distribution,1,1,0.8823503255844116
Collaborators (VITAL Partners in bold are involved in this task):,0,0,1.2066726640114211e-06
EXTENDING THE BDI-ASDP METHODOLOGY FOR REAL-TIME,1,0,0.010575292631983757
Description Logic in Practice: A classic Application,1,1,0.7241839170455933
Abstract A Method for Hierarchical Data Placement,0,0,0.00011790054122684523
Advances in Applied Mathematics ** * (****) ***-***,0,0,0.99
"Book chapter for “Computational Models, Software Engineering and Advanced Technologies in Air Transportation” Chapter Title: A Distributed Systems Approach to Airborne Self-Separation",1,0,0.00036327133420854807
Knowledge management strategy and its link to knowledge creation process. Expert Systems with Applications,0,0,0.0007613925845362246
Motion Parameter Estimation via Dopplerlet-Transform-Based Matched Field Processing,1,1,0.8704423904418945
Unsupervised segmentation of synthetic aperture radar sea ice imagery using a novel Markov random field models,1,1,0.7672656774520874
THE IMPLEMENTATION AND ANALYSIS OF KALMAN FILTER PHASE UNWRAPPING ALGORITHM OF INSAR,1,1,0.6709496974945068
A central limit theorem for convex chains,0,1,0.7518170475959778
The TRADEr: Integrating Trading Into DCE,1,1,0.7068371176719666
European Organization For Nuclear Research,0,0,8.801902731647715e-05
"An Approximation Algorithm for Solving Multistage, Stochastic, Dynamic Resource Allocation Problems with Single Period Travel Times",1,1,0.8335233926773071
License GPL (> = 2) Repository CRAN,0,0,0.003395860083401203
Abstract,0,0,6.2422463997791056e-06
Rsvp and integrated services in the internet: A tutorial,1,1,0.7002096772193909
Bose's Method of Differences Applied to Construct Bhaskar Rao Designs,1,1,0.6910859942436218
Implementation and Evaluation of the Cross-Application Signaling Protocol (CASP),1,1,0.5961599946022034
"Banka, 15.6.2001 Andrej Lú£ny",0,0,1.3819558830618917e-07
Cooperation of Heterogeneous Provers,1,1,0.7492342591285706
Lightweight wrappers for interfacing with binary code in CCured,1,1,0.8005771040916443
NATIONAL REPORTS ON RESEARCH AND DEVELOPMENT,0,0,0.10983006656169891
Nasa Synthetic Vision Ege Flight Test,1,1,0.6214158535003662
On,0,0,1.0689172995625995e-06
Computer lab work on theory,1,0,0.198738232254982
Eradicating Child Poverty in Britain: Welfare Reform and Children Since 1997,1,1,0.6446578502655029
A Semi-supervised Approach to Space Carving,1,1,0.8210887312889099
in-place,0,0,2.3131276520871324e-06
Linearly Similar Polynomials,1,1,0.6495805382728577
"∂u(t,x) ∂t ∂(xu(t,x))",0,0,0.99
A Snake for Model-Based Segmentation,1,1,0.8674513697624207
Simulation: An Effective Marketing Tool,1,1,0.6048535704612732
Bayesian Inference on Periodicities and Component Spectral Structure in Time Series,1,1,0.8099496364593506
Abstract Compositional Dynamic Test Generation,0,0,0.003025430953130126
第3届中国金融学年会——中国·上海2006.10 Numerical Valuation of American Puts On a Dividend Paying Asset,0,0,0.0017651836387813091
1274 Current Developments in Technology-Assisted Education (2006) Integrated learning in engineering at UWA: designed by students for students,0,0,0.012663120403885841
Performance Budgeting,0,0,1.822496960812714e-05
Management System,0,0,9.211445103574079e-06
Interference Alignment in Partially Connected Interfering Multiple-Access and Broadcast Channels,1,1,0.8715558052062988
Jérôme Leroux Least Significant Digit First,0,0,0.04796868935227394
1 INTRODUCTION AND OVERVIEW OF WIRELESS SENSOR NETWORKS,0,0,0.38610896468162537
Adapting Similarity Measures to Agent Types in Opponent Modelling,1,1,0.8376824259757996
*corresponding authorWhy Can’t Things Just Stay the Same? An Assessment of Recent Structural Changes in the Public Accounting Profession in the US,0,0,0.01218042429536581
Parallel Approximation Algorithms for Maximum Weighted Matching in General Graphs,1,1,0.7404379844665527
THE METHODOLOGICAL CHARACTER OF SYMMETRY PRINCIPLES ,1,1,0.7530919909477234
Can tutored problem solving benefit from faded worked-out examples? Paper presented at The European Cognitive Science Conference,0,0,0.0015200806083157659
Scalable Temporal Reasoning,1,1,0.8303126692771912
A FAST ITERATIVE METHOD FOR SOLVING THE EIKONAL EQUATION ON TRIANGULATED SURFACES ∗,1,1,0.6920539736747742
Abstract Test Suite for UNI 3.1Network side Abstract Test Suite for UNI 3.1 Network side,0,0,0.13080444931983948
"IEEE October 18 - 21, 2000 Kansas City, MO",0,0,4.494109816732816e-06
nan,0,0,2.377741566306213e-06
Abstract: Quantifying the Complexity of Flow Networks: How many roles are there?,0,0,0.015035572461783886
A Virtual Endoscopy System for the Planning of Endoscopic,0,0,0.00876630563288927
Appendix C Atmospheric Processes C.1 ATMOSPHERIC CHEMISTRY (p. 265) C.2 SOURCE-RECEPTOR RELATIONSHIPS (p. 274),0,0,0.003231472335755825
A Codebook Generation Algorithm for Document Image Compression,1,1,0.8608380556106567
Ensuring quality of service for image transmission: hybrid loss protection,1,1,0.8734777569770813
© 2007 Science Publications Task Load Balancing Strategy for Grid Computing,0,0,1.368152425129665e-05
Non-intrusive Lightweight Agents for Information Management,1,1,0.7806646823883057
International Food Safety Authorities Network (INFOSAN),0,0,0.012163098901510239
On Generalized Geometric Graphs and Pseudolines,1,1,0.6462588310241699
Sui Generis,0,0,6.602159373869654e-06
Ranked items auctions and online advertisement,1,1,0.6835774183273315
Sketch2photo: internet image montage,1,1,0.8717882633209229
Agents In Medical Informatics,1,0,0.4264073073863983
by,0,0,2.652776913691923e-07
Reforming Russian Railways: The Emergence of Competition and Regulatory Challenges,1,1,0.7352427244186401
Using Web Frequency Within Multimedia Exhibitions,1,1,0.8462157845497131
High-Level Synthesis of Control and Memory Intensive Applications,1,1,0.7301007509231567
Modeling Large Cortical Networks With,0,0,0.0005999888526275754
Previous Up Next Article Citations From References: 5 From Reviews: 0,0,0,0.00014545646263286471
How the design of JML accommodates both runtime assertion checking and formal verification,1,1,0.8329151272773743
Valid Clock Frequencies and Their Computation in Wavepipelined Circuits ,1,1,0.7697624564170837
Is everything a world? ∗,1,0,0.0033361329697072506
Uniform preconditioners for a parameter dependent saddle point problem with application to generalized Stokes interface equations,1,1,0.773047685623169
1 Introduction H.264 Encoder Design,0,0,0.005252973176538944
ESFLIB: A library to compute the element free Galerkin shape functions ,1,1,0.6416353583335876
Verifying completeness of relational query results in data publishing,1,1,0.8407794833183289
Merging Multiple Formations: A Meta-Formation Prospective,1,0,0.27993133664131165
Autopoiesis and image processing ii: Autopoietic-agents for texture analysis,1,1,0.5294831395149231
Improving Refactoring with Alternate Program Views. Research Proficiency Exam,0,0,0.004494531080126762
Self-certified keys - Concepts and Applications,1,1,0.7508518099784851
From Margins to Probabilities in Multiclass Learning Problems,1,1,0.8274441361427307
An Efficient Numerical Scheme for Solving Initial and Boundary Value Problems,1,1,0.7309670448303223
Omnipotence Without Omniscience: Efficient Sensor Management for Planning ,1,1,0.7509540915489197
Sharing the Cost of Multicast Transmissions 1,0,1,0.8649195432662964
Recursive function definition for types with binders,1,1,0.834194540977478
Fixed-Point Definability and Polynomial Time,1,1,0.6234967112541199
"A Low-Power, High-Speed, Current-Feedback Op-Amp with a Novel Class AB High Current Output Stage",1,1,0.7628379464149475
A Deontic Logic For Diagnosis Of Organisational Process Design,1,1,0.7753822803497314
HISTORY OF SCIENCE SOCIETY 2002 Guide Now in Print and Available Online The ninth edition of the Guide to the,0,0,0.001902556512504816
nan,0,0,2.3777438400429673e-06
Organized by United Nations Industrial Development Organization From Information and Communication Technology,0,0,3.107531711066258e-06
nan,0,0,2.3777438400429673e-06
Department of Instrumentation and Analytical Science;,0,0,4.2233145336467715e-07
Distance-sampling analysis in unmarked,1,0,0.028122959658503532
Trust and Dependence Analysis,1,1,0.798590898513794
Cobase: A Scalable and Extensible Cooperative Information System,1,1,0.8239121437072754
and,0,0,1.4218197748050443e-06
Sparse matrices in Matlab: Design and implementation,1,1,0.7569425106048584
Automated Assembly Inspection Using a Multiscale Algorithm Trained on Synthetic Images,1,1,0.8565382361412048
Manifold Piecewise Constant Systems and Chaos,1,1,0.6506046652793884
Abstract On Deterministic Replay,0,0,0.0013412181288003922
UNIREG REGIONAL CASE STUDY REPORT DUBLIN,1,0,0.36034664511680603
Multi-objective Optimisation,0,0,0.22360391914844513
Image classification by a two dimensional hidden Markov model,1,1,0.8889427781105042
Implementation and evaluation of an eventually-serializable data service,1,1,0.6869552731513977
Gram Polynomials And The Kummer Function,1,1,0.7279746532440186
Efficient algorithms to rank and unrank permutations in lexicographic order,1,1,0.8083687424659729
Edit wars in Wikipedia,1,1,0.8769717216491699
Similar active sites in lysostaphins and,0,0,5.505161971086636e-05
2nd Introduction to the Matrix package,1,0,0.35965022444725037
"Using modal logics for the formal analysis and synthesis of hybrid control systems,” Australian",0,0,0.3546861708164215
Tracking of Moving Objects from a Moving Vehicle Using a Scanning Laser Rangefinder,1,1,0.9289051294326782
Avalanche: Putting the Spirit of the Web back into Semantic Web Querying,1,1,0.8869698643684387
Reference,0,0,1.780337925083586e-06
DB2 Universal Database ™ SQL Reference Volume 1,0,0,0.99
PDP16 375 THz Parametric Translation of Modulated Signal from 1550nm to Visible Band,0,0,0.04176392778754234
Initial Australian Site Analysis Submitted by The Australian SKA Consortium Committee Prepared by,0,0,0.00024535218835808337
"  Detecting differences in ""meaningful learning"" behaviours and their evolution: a data-driven approach ",1,1,0.8323727250099182
Control of switched electrical networks using averaging on Lie groups,1,1,0.8378257751464844
Statistical Analysis of Power Grid Networks Considering Lognormal Leakage Current Variations with Spatial Correlation,1,1,0.8722035884857178
Social data analysis & physical activity,1,0,8.526466262992471e-05
Computer Aided Detection on Mammography,1,1,0.7111392021179199
APPENDIX B-1 Introduction to Tennessee’s Workplace ESOL Initiative: Training Overview and Frequently Asked Questions,1,0,0.13023565709590912
How Many Argument Digits are Needed to Produce n Result Digits?,1,1,0.8046292662620544
McGrath Semantic Web Services Delivery Semantic Web Services Delivery: Lessons From the Information Systems World,0,0,0.13394010066986084
Dialogues In Air Traffic Control,1,0,0.496295303106308
Proceedings of the 2002 Winter Simulation Conference,0,0,0.99
Tracking Meteorological Structures through Curves Matching Using Geodesic Paths,1,1,0.896794319152832
A New Standard in Secure Networking Robert Denier,0,0,5.993609011056833e-05
Specification-Based Testing Of Firewalls,1,1,0.8200291395187378
Bootstrap method for the estimation of measurement,0,0,0.46550798416137695
Radiation Oncology BioMed Central,0,0,1.1149320044978595e-07
Minerals Management Service,0,0,0.0005346902762539685
Extensible file systems in Spring,1,1,0.7032176852226257
Separation of Concerns in the Formal Design ofReal-Time Shared Data-Space Systems \Lambda,0,0,0.30972543358802795
Bayesian inverse reinforcement learning,1,1,0.7929388284683228
Critical Bandwidth Allocation for Delivery of Compressed Video,1,1,0.7950212359428406
RP2: Preparing the Worldwide LHC Computing Grid for MPI applications,0,1,0.8083253502845764
Adaptive testing of controllers for autonomous vehicles,1,1,0.8453127145767212
Interconnection Service Agreement,0,0,0.08740425854921341
Chunking by coarticulation in Music-Related Gestures,1,1,0.920836329460144
OVERVIEW AND RELEVANT BACKGROUND................................................................... 1,0,0,0.99
MUAN: A Stop Motion Animation System,1,1,0.7310530543327332
doi:10.1093/comjnl/bxm041 Restoration of Bayer-sampled Image Sequences,0,0,6.00790463067824e-06
Cross-Operating System Process Migration On a Massively Parallel Processor,1,1,0.826022744178772
Logic Group Preprint Series,0,0,0.044842615723609924
ALMOST-DISJOINT CODING AND STRONGLY SATURATED IDEALS,1,1,0.8085736632347107
"filtering, search process",0,0,0.025661036372184753
Near-Earth Wave Propagation Characteristics of Electric Dipole in Presence of Vegetation or Snow Layer,1,1,0.692581832408905
ABSTRACT Research Challenges in the Tension Between Features and Services,0,0,0.00020696778665296733
Leveraging Smart Phones to Reduce Mobility Footprints,1,1,0.8928705453872681
Employing Trainable String Similarity Metrics for Information Integration,1,1,0.8858008980751038
Local binary patterns as an image preprocessing for face authentication,1,1,0.888302743434906
Vision-based human tracking and activity recognition,1,1,0.828766405582428
Time-dependent rescalings and dispersion for the Boltzmann equation ,1,1,0.786533534526825
Concept-Oriented Access to Longitudinal Multimedia Medical Records: A Case Study in Brain Tumor Patient Management,1,1,0.8529369831085205
The Nielsen-Thurston classification of mapping classes is determined by TQFT,1,1,0.6681482791900635
"Université catholique de Louvain (UCL/TELE), B-1348 Louvain-la-Neuve, Belgium.",0,0,1.0078509404820579e-07
"ACL Special Interest Group on the Lexicon (SIGLEX), Philadelphia, July 2002, pp. 9-16. Association for Computational Linguistics. Learning a Translation Lexicon from Monolingual Corpora",0,0,1.7848973357104114e-06
R576 Dispatch Population genomics: Linkage,0,0,0.002300491090863943
UPDATE/PATCH MANAGEMENT SYSTEMS: a protocol taxonomy with security implications,1,1,0.8013954758644104
This document was produced for the Substance Abuse and Mental Health Services Administration,0,0,0.0002072889037663117
Example-based Program Querying,1,1,0.8061789274215698
An improved approximation algorithm for two-machine flow shop scheduling with an availability constraint. Information Processing Letters 2004;90:273–278,0,0,0.17014695703983307
Ultrasonic NDE of thin Composite plate Based on an enhanced Wigner-Ville distribution,1,1,0.7596355080604553
6 The Road Ahead for Computer Network Defense Service Providers,0,1,0.6902213096618652
Verifying Temporal Heap Properties Specified via Evolution Logic,1,1,0.8638803362846375
Techniques and Tools for Analyzing Intrusion Alerts,1,1,0.81607985496521
Abstract Decision Aiding Social multi-criteria evaluation: Methodological foundations and operational consequences,0,0,0.08234658092260361
The Research and Development of Computer Aided Contemporary Uighur Language Tagging System,1,1,0.7483091354370117
EVEN KAKUTANI EQUIVALENCE AND THE LOOSE BLOCK INDEPENDENCE PROPERTY FOR POSITIVE ENTROPY Z d ACTIONS,1,0,0.1830979734659195
�Ö��ÓÖ � Å�ÒØ× �Û � ÇÖÐÓÛ×��,0,0,0.99
Factoring Univariate Polynomials over the Rationals,1,1,0.8192365765571594
convergence.,0,0,1.6943739638008992e-06
nan,0,0,2.377741566306213e-06
A simple improvement of a theorem of Pólya,1,1,0.7229437828063965
Relocation of the Time-Inconsistency Problem ¤,0,1,0.7687190771102905
Towards Computationally Sound Symbolic Analysis of Key Exchange Protocols,1,1,0.7726232409477234
3.1 Defining the Market Heat Rate........................... 5 3.2 Valuation Issues and the Margrabe Approach.................. 10,0,0,0.99
Optimal monodomain,0,0,0.0008570643840357661
Analyzing the Average-Case Behavior of Conjunctive Learning Algorithms,1,1,0.8482925295829773
1.3 The CAFCR Model......................... 2,0,0,0.99
No eigenvalues outside the support of the limiting empirical spectral distribution of a separable covariance matrix Available at http://www4.ncsu.edu/~jack/pub.html,0,0,0.0005141000729054213
Matching and Scheduling Algorithms for Minimizing Execution Time and Failure Probability of Applications in Heterogeneous Computing,1,1,0.7900329828262329
"Fivebranes, Membranes And Non-Perturbative String Theory",1,1,0.6880136132240295
An Unsupervised Framework for Extracting and Normalizing Product Attributes from Multiple Web Sites,1,1,0.8837447762489319
"DOI 10.1007/s00014-003-0772-y c ○ 2003 Birkhäuser Verlag, Basel",0,0,0.99
A Cellular Automata Study of Constraints (Dissolvence) in a Percolating Many-Particle System,1,1,0.5916005969047546
"An Intelligent Heterogeneous Autonomous Database Architecture for Semantic Heterogeneity Support,” presented at",0,0,0.00022531856666319072
From Trash Heaps to Toolkits and Chaos to Convection – Management and Innovation at Leading-Edge Design Organizations and Idea Labs,1,1,0.750537097454071
Status: Liaison Contribution Action: For consideration by JTC1/SC2/WG2 and UTC,0,0,0.04315581172704697
Scan Design and Secure Chip,1,0,0.27295127511024475
Dependable Flight Control System By Means Of Data Diversity With Error Recovery,1,1,0.8562019467353821
Normed Simulations,1,0,0.003127823816612363
This document in subdirectoryRS/04/10/ Probabilistic Event Structures and Domains,0,0,0.00013946388207841665
A¹-Homotopy Theory of Schemes,1,0,0.04837767779827118
White Sands Test Facility Published as TP-WSTF-937 October 2003THE NASA STI PROGRAM OFFICE … IN PROFILE,0,0,0.00013510120334103703
Towards a Context-Aware Relational Model,1,1,0.7436667680740356
BIOSIGNAL 2004 Averaged Lomb Periodograms for Nonuniform Sampling,0,0,0.00018039278802461922
RAPID ONSET NATURAL DISASTERS: THE ROLE OF FINANCING IN EFFECTIVE RISK MANAGEMENT Insurance and Contractual Savings Practice Financial Sector Operations and Policy Department,0,0,0.06489565223455429
Quantitative Measurements of FPGA Utility in Special and General Purpose Processors,1,1,0.8297399878501892
FRAME REPRESENTATIONS AND PARSEVAL DUALS WITH APPLICATIONS TO GABOR FRAMES,1,1,0.7076783776283264
 METAPHORS IN CONCEPTUAL DESIGN,1,1,0.5513335466384888
THE DIOPHANTINE EQUATION ax − by + c = 0,0,0,0.0962335392832756
Legal Notices,0,0,5.698437598766759e-05
Congestion-Distortion Optimized Scheduling Of Video Over . . . ,0,0,5.256553049548529e-05
"Centro Nacional de Cálculo Científico Universidad de Los Andes (CECALCULA),",0,0,5.1372712306374524e-08
Strong Coupling Theory for . . . ,0,0,1.5888652342255227e-05
MICROSIMULATION IN COMPARATIVE ANALYSIS,0,1,0.7948921918869019
Black-Box Software Sensor Design for Environmental Monitoring,1,1,0.8412197232246399
Measure of firms inefficiency and heterogeneity using Nonparametric frontier Models: The Côte d’Ivoire Case,1,1,0.79131680727005
Novel Cost Functions For Neural Classifiers,1,1,0.8481326103210449
to hypergraphs,0,0,6.842378752480727e-06
Multiresolution Analysis of SAR Images,1,1,0.8317610621452332
Author G&D/CSOP43 Status Open,0,0,5.870362656423822e-05
THE AUTOPACK PROJECT -- ALGORITHMS FOR CONTAINER LOADING,1,1,0.6225795149803162
Handling Uncertainties Through Reliability-Based Optimization Using Evolutionary Algorithms,1,1,0.8787558674812317
Parallel Computing Applications and Environment on the T3D,1,0,0.39579489827156067
Chord �  �  � �,0,0,0.99
STRENGERT M.: Pyramid filters based on bilinear interpolation,0,0,6.807114516504953e-08
Inhibition of spontaneous decay by continuous measurements: Proposal for realizable experiment.,1,1,0.5896936655044556
A Comparative Study of Probabilistic and Language Models for Information Retrieval,1,1,0.802992582321167
DIFFERENTIAL LEARNING AND RANDOM WALK MODEL,1,0,0.4727700650691986
HyperText Documents with L,0,1,0.5102826356887817
Permutations,0,0,1.4462388207903132e-05
THE NUMBER OF DESCENDANTS IN SIMPLY GENERATED RANDOM TREES,1,1,0.822868824005127
Prevention....,0,0,0.99
Oracle9iAS TopLink Tutorials,1,0,0.021710000932216644
Break-Up And Roll-Up Of Stratospheric Intrusions,1,1,0.7269122004508972
Languages for Negotiation,1,0,0.4479353725910187
Applied general equilibrium modeling with MPSGE as a GAMS subsystem: An overview of the modeling framework and syntax,1,1,0.6681181192398071
Quality evaluation of projectionbased vr displays,1,1,0.8460530042648315
Feature Extraction for Map Based Image Interpretation,1,1,0.8951449394226074
I am indebted to my advisor Alan Krueger for his continuous support. I am also very grateful to Orley,0,0,0.0011531184427440166
The index of projective families of elliptic operators,1,1,0.6920248866081238
Diversity in foresight: Insights from the fostering of innovation ideas,1,1,0.8031806945800781
The Syntenic Diameter of the Space of N-Chromosome Genomes,1,1,0.7793471217155457
The Syntactic Organization of American Sign Language: A Synopsis *,1,1,0.7740297913551331
Paper prepared for DSC – NA Driving Simulation Conference North America 2003.,0,0,1.4038663721294142e-05
Data Handling Issues in Maskless Lithography,1,0,0.99
Connectivity based Dual Vdd Assignment Algorithm for Power Reduction in FPGA,1,1,0.8248012661933899
WAVE FIELD ANALYSIS USING MULTIPLE RADII MEASUREMENTS,1,1,0.8492698669433594
Games on Triangulations,1,1,0.6461154818534851
Duration: 36 months,0,0,4.499534952628892e-06
Efficient Arithmetic on Hyperelliptic Koblitz Curves,1,1,0.8023266196250916
Wireless Networks: An Introduction and Case Studies,1,1,0.5866527557373047
When Students Resist: Ethnography of a Senior Design Experience in Engineering,0,1,0.770199716091156
Fail-Aware Publish/Subscribe,0,1,0.5021401643753052
NISS WebSwap: AWeb Service,0,1,0.5700899362564087
Key Metrics and Goals for NASA's Advanced Air Transportation Technologies Program,1,1,0.8023607730865479
Service Center Data Administration Concept of Operation,0,0,0.17053262889385223
Distribution of Periscope Analysis Agents on ALTIX 4700,1,1,0.8206626176834106
nan,0,0,2.3777438400429673e-06
Control of Low-Velocity Impact Response in Composite Plates,1,1,0.8502181172370911
Language Independent Named Entity Recognition Combining Morphological and Contextual Evidence,1,1,0.7967036962509155
"the Internationally acclaimed Management Guru and Corporate Strategist,",0,0,0.0004235458909533918
Contents List of Figures iii List of Tables v,0,0,0.005399970803409815
2 Intellectual Property: When Is It the Best Incentive System?,0,0,0.39773887395858765
Mountains are Just Mountains,1,0,0.2145627737045288
An Emerging Vision of Internet-Enabled Supply,0,1,0.6076510548591614
"Classical Proofs as Programs, Cut Elimination as Computation",1,1,0.7492457628250122
Collaboration for Environmental Evidence Systematic Review No. 60,0,0,0.06041260063648224
A New Geometrical Interpretation of Trilinear Constraints,1,1,0.7737000584602356
Influence of Available Bandwidth on the Statistical Characterization of Compressed Video,1,1,0.7273334264755249
Generic programming,0,0,2.517697066650726e-05
A1: Spreadsheet-based Scripting for Developing Web Tools,1,1,0.8361831903457642
Frequency of Comandra Blister Rust Infection Episodes on,0,0,0.00036398755037225783
C.: A 3D object classifier for discriminating manufacturing processes,0,0,0.00014425834524445236
Properties of Some ILP Formulations of a Class of Partitioning Problems,1,1,0.7274535894393921
A decision-theoretic approach to resource allocation in wireless multimedia networks,1,1,0.9075722694396973
Sloth-NFS and the Possibility of using Fuzzy Control to Optimize Cache Management,1,1,0.8231663703918457
BioMed Central,0,0,8.927478347686701e-07
Improving Computer Security Using Extended Static Checking,1,1,0.8700388073921204
Minimizing the Effects of Tolerance Faults on Hardware Realizations of Cellular Neural Networks,1,1,0.8535812497138977
Publish or Perish (3)  – Fraud and ethics,1,0,0.4124942123889923
Memory Organization for Video Algorithms on Programmable Signal Processors,1,1,0.8400946259498596
Efficient Nonlinear Control with Actor-Tutor Architecture,1,1,0.7917339205741882
Evidentiality vs. Certainty: Do Children Trust Their Minds More Than Their Eyes?,1,1,0.9066452383995056
Analysis and Modelling of Physical Transport Phenomena i Controlling Cost and Quality i,0,0,0.31492939591407776
Near-optimal anytime coalition structure generation,1,1,0.8649259209632874
Vessels,0,0,5.953344953013584e-06
Visualization of Subsumption Hierarchies in Ontologies,1,1,0.8193013668060303
Joining two nations: Concrete for the Øresund Link,1,1,0.840661346912384
Abstract.,0,0,1.0887947610171977e-06
"Three Years of Experience with Sledgehammer, a Practical Link between Automatic and Interactive Theorem Provers",1,1,0.720806896686554
"Up from Halt, Active-Halt, Wait and Slow",0,1,0.674845278263092
DATA CLEANING USING FD FROM DATA MINING PROCESS,1,1,0.6594579815864563
"No Pain, No Gain? The Importance of Measuring Course Workload in Student Ratings of Instruction",1,1,0.8073413968086243
Qai? Nevada Bureau of Mines and Geology,0,0,0.0013964641839265823
Evolving and Breeding Robots,1,1,0.6932258605957031
A Study of Term Proximity and Document Weighting Normalization in Pseudo Relevance Feedback – UIUC at TREC 2009 Million Query Track,1,1,0.5269191861152649
DOI:10.1068/p5644 Mental rotation of letters and shapes in developmental dyslexia,0,0,0.0003706209536176175
Volume 1 – No. 14 DESIGN APPROACH: AN AUTONOMOUS ROVER,0,0,0.99
Head-to-TOE Evaluation of High-Performance Sockets over Protocol Offload Engines ∗,1,1,0.8359631299972534
Active Attacks Against Modulation-based Radiometric Identification,1,1,0.8273186087608337
Coffee Cups,0,0,1.3729480087931734e-05
Logic-enhanced type systems: Programming language support for reasoning about security and other program properties,1,1,0.7832408547401428
Three-Hilbert-Space Formulation of Quantum Mechanics ,1,1,0.6898157596588135
Formal development of industrial-scale systems,0,1,0.5520508885383606
Development and Testing of Hypotheses in Engineering Design Research,1,1,0.7684494853019714
PEB Associate Members,0,0,1.4771656424272805e-05
The Riemann zeta function and Hamburger’s theorem,1,1,0.6983457803726196
Computation of the Effects of Inhomogeneous Clouds on Retrieval of . . .,0,0,0.0003695221384987235
Generic Software Transformations,1,1,0.5888373255729675
Chapter 24 Causal Inference,1,0,6.444208702305332e-05
Aerosols in Atmospheric Chemistry,1,0,0.427880197763443
A Binary Markov Model for the Quantized Wavelet Coefficients of Images and its Rate/Distortion Optimization,1,1,0.800566554069519
"Authentication Scheme for Distributed, Ubiquitous, Real-Time Protocols",1,1,0.7895707488059998
Impact of Visualization Methods on Interaction with Search Results,1,1,0.8454539179801941
A Numerical Experiment in Insured Homogeneity,1,1,0.7995143532752991
The Fast Guide to Model Driven Architecture The Basics of Model Driven Architecture (MDA),1,0,0.07644075155258179
Article Outline Glossary,0,0,3.436680344748311e-05
Political Risk and Firm Default Probability Exploring Export Credits to HighRisk Countries,1,0,0.46362966299057007
Note,0,0,2.180162482545711e-05
Indexing time-evolving data with variable lifetimes,1,1,0.8597640991210938
A Sketch of Complete Type Inference for Functional Programming,1,1,0.7772003412246704
"Learning How to Design: A Minds-On, Hands-On, Decision-Based Approach",1,1,0.8149265050888062
Evaluation of Image Pre-processing Techniques for Eigenface Based Face Recognition,1,1,0.8604291081428528
Phase Model Checking for some Linear Logic,0,1,0.7407258749008179
Cognitive situation and threat assessments of ground battlespaces,1,1,0.8401775360107422
Identifying and Classifying Subjective Claims,1,1,0.8403928279876709
Testing: Academic Academia and Industrial Industry Conference- Practice And Research Techniques How good are your testers? An assessment of testing ability,0,0,0.002788395853713155
An architecture for a space-based reconfigurable protocol chip,1,1,0.8278392553329468
Design and Implementation Issues for Object-Oriented Concurrency,1,0,0.99
Learning to distinguish valid textual entailments,1,1,0.8763768076896667
A Technique for Implementing Highly Concurrent Wait-free Objects for Shared Memory Multi-processors,1,1,0.8085612654685974
"Katy Brner, Ying Feng Tamara McMahon (2002)",0,0,2.514484322091448e-06
Object Management Group,0,0,1.717385748634115e-05
14. Experimental tests of gravitational theory 1 14. EXPERIMENTAL TESTS OF GRAVITATIONAL THEORY,0,0,0.10572703182697296
Policy Note 2002/2 The Brazilian Swindle and The Larger International Monetary Problem,0,0,4.5514647354139015e-05
"Bar k-Visibility Graphs: Bounds on the Number of Edges, Chromatic Number, and Thickness",1,0,0.0643526017665863
IFSA-EUSFLAT 2009 Parametric Fuzzy Modelling Framework for Complex Data–Inherent Structures,0,0,0.03138844668865204
nan,0,0,2.377741566306213e-06
nan,0,0,2.377741566306213e-06
ROCK: A Robust Clustering Algorithm for Categorical Attributes,1,1,0.8300562500953674
General Terms,0,0,3.0215639981179265e-06
Data-Based Motion Simulation Through a Green’s Function Approach,1,1,0.8801659345626831
An Assessment of Incomplete-LU Preconditioners for Nonsymmetric Linear Systems,1,1,0.7966951727867126
Biological Robot Arm Motion through Reinforcement Learning,1,1,0.7959606647491455
ENHANCING TRADITIONAL LEARNING: THE USE OF MULTIMEDIA MATERIAL ON THE INTERNET,1,1,0.841978907585144
Example of supersonic solutions to a steady state Euler-Poisson system,1,1,0.5066009163856506
Cv,1,0,4.858446573052788e-06
On the algebraization of many-sorted logics,1,1,0.7807745933532715
Paramodulation with Non-Monotonic Orderings,1,1,0.823232889175415
VODCA 2004 Preliminary Version A Web Service Architecture for Enforcing Access Control Policies,0,0,0.0005993758677504957
Stochastic differential equation modeling and analysis of TCP-Windowize behavior,1,1,0.7562720775604248
"Maturation of extinction behavior in infant rats: large-scale regional interactions with medial prefrontal cortex, orbitofrontal cortex, and anterior cingulate cortex",1,1,0.7136926651000977
Effective learning in the presence of . . . ,0,0,2.132743247784674e-05
Using High-Level Synthesis to Implement On-Line Testability,1,1,0.8465678095817566
Nomadic &pi;-Calculi: Expressing and Verifying Communication Infrastructure for Mobile Computation,0,0,0.000826322240754962
Advanced Transactions in Component-Based Software Architectures,1,1,0.7454912662506104
Validation of Case-Based Reasoning Systems,1,1,0.7361571788787842
A Bibliography of Publications on Unicode,1,0,0.3282300531864166
Interpreting,0,0,6.4640971686458215e-06
TransType2 — an innovative computerassisted translation system,1,0,0.4635792076587677
Access the most recent version at doi: 10.1110/ps.062523907 References,0,0,0.00016872931155376136
Technological Education,0,0,4.6710042624908965e-06
MAJIC: a distributed VLSI layout tool,1,1,0.8455947637557983
Geometrical Perspective on Learning Behavior,1,1,0.7141119837760925
A Classification of Time Element Speech Scramblers,1,1,0.8475431799888611
Ralf Spiwoks,0,0,1.2549129678518511e-05
ACKNOWLEDGEMENTS,0,0,3.194827513652854e-05
"Using Viewpoints to Derive a Conceptual Model for Web-Based Education Environments”, MCC17/98, Monografias em Ciência da Computação, Departamento de Informática, PUC-Rio",0,0,5.624774348689243e-05
CURRENT DIRECTIONS IN PSYCHOLOGICAL SCIENCE The Benefit of Additional Opinions,1,0,0.000914708711206913
Shining light in dark places: Understanding the Tor network,1,1,0.8621805310249329
Parallel Fourier-Motzkin Elimination,1,1,0.7803471088409424
Designing Robotic Artifacts: Rural School-Community Collaboration for Learning,1,1,0.6904994249343872
Patent Quality Control: A Comparison of U.S. Patent Re-examinations and European,0,0,0.004597868304699659
POWERS OF GENERATORS AND TAYLOR EXPANSIONS OF INTEGRATED SEMIGROUPS OF OPERATORS,1,1,0.699074387550354
hom.Sc.inp.db,0,0,0.99
BioMed Central,0,0,8.92749540071236e-07
LIP,0,0,1.640787741052918e-05
Abstract Multiscale Fourier descriptors for defect image retrieval,0,0,0.00012197613250464201
Automatic learning of textual entailments with cross-pair similarities,1,1,0.887787401676178
INDUCTION OF SPECIFIC IMMUNE UNRESPONSIVENESS USING PURIFIED MIXED LEUKOCYTE CULTURE-ACTIVATED T LYMPHOBLASTS AS AUTOIMMUNOGEN I. Demonstration of General Validity as to Species and,0,0,0.16201205551624298
Correction to &quot;State-Space Methods for Designing Digital Simulations of Continuous Fixed Linear Systems&quot;,0,0,0.0012278447393327951
Robotics and Real-time Control INTERFACES FOR PEOPLE,0,1,0.6078908443450928
Empirical Research on the Domestic Phone: A Literature Review,1,1,0.6962478160858154
SCIENCE BRIEFS Brain Bases of Individual Differences in Cognition,0,0,0.0026386554818600416
Learning Horizontal Connections in a Sparse Coding Model of Natural Images Anonymous Author(s) Affiliation,0,0,0.010759241878986359
Aspects and Exception Handling: the case of explicit join points,1,1,0.7951701879501343
"DEPARTMENTAL GOALS METHOD OF ATTAINMENT RESOURCES (NEEDS, COSTS, SOURCES OF FUNDS)",0,0,0.4070638120174408
Financing of multinational subsidiaries: parent debt vs. external debt,1,1,0.6387975811958313
about Programs General Terms,0,0,0.0018870725762099028
A Logic of Object-Oriented Programs,1,1,0.5533223748207092
Fellowships Literature and Media StudiesNational Endowment for the Humanities,0,0,0.00014906942669767886
Learning to Predict Case Markers in Japanese,1,1,0.896307110786438
Threshold behavior and aggregate fluctuation,1,1,0.7624551653862
Combining Diverse Neural Classifiers for Complex Problem Solving: An ECOC Approach,1,1,0.8798893094062805
PAYFLUX – Secure Electronic Payment in Mobile Ad hoc Networks,1,1,0.9004949927330017
"Supervising committee: Design and Analysis of Communication Systems (DACS),",0,0,0.00014794677554164082
nan,0,0,2.377739519943134e-06
2000: Agricultural Water Resources Decision Support System,0,1,0.6121691465377808
The Hebrew University,0,0,3.463910616119392e-05
The near-IR and mid-IR sky background at the South Pole,1,1,0.5608962774276733
Use of Phenotypic and Molecular Data for Genetic Evaluation of Livestock,1,1,0.7666298747062683
INSTITUTE OF PHYSICS PUBLISHING,0,0,5.384406449593371e-06
nan,0,0,2.377739519943134e-06
Experiences Teaching Synthesis Of Fpgas And Testable Asics,1,1,0.6867878437042236
"Astabilizedsuperfastsolverfor nonsymmetricToeplitzsystems M.VanBarel,G.HeinigandP.Kravanja ReportTW293,October1999 n Celestijnenlaan200A{B-3001Heverlee(Belgium)",0,0,9.671665566202137e-07
The viewgraphs:,0,0,5.013042755308561e-05
Interpreting schematic sketches using physical reasoning,1,1,0.9106371998786926
Registration and Exploitation of Multi-pass Airborne Synthetic Aperture Radar Images,1,1,0.8761972188949585
DOI: 10.1093/bioinformatics/bth943,0,0,0.99
A Discrete Iterative Learning Control for a Class of Nonlinear Time-Varying Systems,1,1,0.8151867985725403
VEHICLE DETECTING AND TRACKING IN VIDEO FOR INCIDENT DETECTION,1,1,0.8698292374610901
Approximating General Logic Programs,1,1,0.7519193291664124
(1998) Cluster Analysis and Data Visualization of Large-Scale Gene Expression,0,0,0.22792795300483704
Volume 9 (2010). Number 1. pp. 103 – 108 c ○ Journal “Algebra and Discrete Mathematics” RESEARCH ARTICLE,0,0,0.99
Principles for Designing Computer Music Controllers,1,1,0.7358263731002808
1 Learning to Improve: The Biased Processing of Mixed Price Comparisons,0,1,0.8577117323875427
Social annotation of semantically heterogeneous knowledge,1,1,0.8495088219642639
Applications of Cerium-Doped Gadolinium Silicate Gd,0,0,0.2540486752986908
A Polylogarithmic Approximation for Computing Non-Metric Terminal Steiner Trees,1,1,0.7832253575325012
MODELS FOR CONFIGURABLE MECHANISMS IN MULTIMEDIA QOS MANAGEMENT – SIMULATION STUDY 1,1,1,0.6548091173171997
Bipolar Device Modeling for VLSI Layout Verification,1,1,0.9002314805984497
SECURITY AND COOPERATION IN WIRELESS NETWORKS -- Thwarting Malicious and Selfish Behavior in the Age of Ubiquitous Computing ,1,1,0.691882312297821
BMC Cancer BioMed Central,0,0,1.044401329863831e-07
Statistical Investigations of Genetic Algorithms and Genetic Programming,1,1,0.6615739464759827
Rapid Communication Oblique stimuli are seen best (not worst!) in naturalistic broad-band stimuli: a horizontal effect,0,0,0.008674436248838902
Use of an object-based model to represent complex features of ecosystems,1,1,0.8179380893707275
"A Class Hierarchical, Object-Oriented Approach to Virtual Memory Management in Multiprocessor Operating Systems",0,1,0.823803186416626
USING INTELLIGENT AGENTS TO UNDERSTAND MANAGEMENT PRACTICES AND RETAIL PRODUCTIVITY,1,1,0.8096634745597839
Associated with Perception of Tools and Dwellings,0,1,0.6303844451904297
The Structure and Distribution of Household Wealth in Australia*,1,1,0.7085819244384766
An Adaptive User Profile for Filtering News Based on a User Interest Hierarchy,1,1,0.9169437885284424
nan,0,0,2.377739519943134e-06
An Interior-Point Method for Large Scale Network Utility Maximization,1,1,0.837965190410614
ON COHOMOLOGY OF THE INVARIANT PART OF AN ISOLATING,0,0,0.2665958106517792
nan,0,0,2.3777483875164762e-06
12345efghi UNIVERSITY OF WALES SWANSEA REPORT SERIES,0,0,0.001678653177805245
Perturbations in a non-singular bouncing Universe,1,1,0.7912021279335022
IRST Location Pant'e di Povo,0,0,0.0039038704708218575
A squeaky wheel optimisation methodology for two dimensional strip packing,1,1,0.8808260560035706
Business School.,0,0,1.0943891766146407e-06
SUMMARY,0,0,9.45126885198988e-06
First Results of a French Linguistic Development Environment,1,1,0.6307514309883118
Rub the Stane,1,1,0.5359869599342346
Sentence Ordering in Multidocument Summarization,1,1,0.8556578755378723
Perspectives on Dialogue: Introduction to this Special Issue,1,0,0.99
A Rule Format for Associativity,1,1,0.8050034046173096
Protecting Public Health During Drought Conditions A Guide for Public Health Professionals,0,1,0.6908872723579407
Falsification Of The Atmospheric CO2 Greenhouse Effects Within The Frame Of Physics,1,1,0.7863854765892029
J.M.: Object categorization by compositional graphical models,0,0,1.3926687643106561e-06
Experiments with the Cascade-Correlation Algorithm,1,0,0.47214561700820923
The HyperContext Framework for Adaptive Hypertext,1,1,0.6822550296783447
P5: A Protocol for Scalable Anonymous Communication,1,1,0.7549769878387451
"CONSTRUCTING SCHEDULERS FOR HIGH-SPEED, HIGH-CAPACITY SWITCHES/ROUTERS",1,1,0.8095622062683105
Towards A Perceptually Optimal Spectral Amplitude Estimator For Audio Signal Enhancement,1,1,0.8665709495544434
Texture segmentation by multiscale aggregation of filter responses and shape elements,1,1,0.9002828598022461
"Probabilistic Protocols for Node Discovery in Ad-hoc, Single Broadcast Channel Networks (Extended Abstract)",1,0,0.0402093343436718
Abstract Approximation Algorithms for Grammar-Based Compression,0,0,0.0014010720187798142
Counting connected graphs and hypergraphs via the probabilistic method. Random Struct,0,0,0.000383347156457603
Termination of Constructor Systems Using Semantic Unification,1,1,0.8817560076713562
Protocol for Taking Object-based Checkpoints,1,1,0.5735434293746948
ACTA ARITHMETICA LXXXVII.3 (1999) Trajectories of rotations by,0,0,4.701162106357515e-05
On computing exact visual hulls of solids bounded by smooth surfaces,1,1,0.7636216282844543
Predicting responses of nonlinear neurons in monkey striate cortex to complex patterns,1,1,0.7706539034843445
Combined Effects of Class Imbalance and Class Overlap on Instance-based Classification,1,1,0.8812004327774048
Talking to strangers: Authentication in ad-hoc wireless networks,1,1,0.9030680060386658
Using web application construction frameworks to protect against code injection attacks. 2007 workshop on Programming languages and analysis for security,0,0,0.001437678118236363
Contents,0,0,2.554013690314605e-06
- Often totalitarian,0,0,0.0001880588533822447
Toward Acoustic Models for Languages with Limited Linguistic Resources,1,1,0.8039905428886414
Adapting Function Points to contemporary software systems: A review of proposals,1,1,0.7986635565757751
The Budgeted Unique Coverage Problem and Color-Coding (Extended Abstract),1,0,0.06808986514806747
Loci of contextual effects in judgment,1,1,0.783637523651123
Contents lists available at ScienceDirect Pattern Recognition Letters,0,0,0.00014553789515048265
To Estimate Recreational Welfare Measures for International and Specialised Tourism,1,0,0.37964969873428345
A class of linearly-implicit Runge-Kutta methods for multibody systems,1,1,0.6863275766372681
An Evaluation of the Potential of Synchronized Time To Improve . . . ,0,0,6.68015782139264e-05
Application of Control Techniques to Solving Linear Systems of Equations,1,1,0.711484432220459
Plankalkül: The First High-Level Programming Language and its Implementation,1,1,0.6728809475898743
Jet Sets,1,0,7.899629963503685e-06
Network Communication Simulator,1,0,0.2394835501909256
High capacity data hiding in JPEG-compressed images,1,1,0.9119914770126343
Modeling CPU Demand in Heterogeneous Active Networks,1,1,0.8495473265647888
F.: User-assisted intrinsic images,0,0,2.3516677174484357e-06
ABSTRACT Bit Level Types for High Level Reasoning,0,0,0.0012052286183461547
PHYSICS LETTERS A Physics Letters A 242 ( 1998) 1-3 Quantum cloning without signaling,0,0,2.1258310880512e-05
"Representation Primitives, Process Models and Patient Data in Computer-Interpretable Clinical Practice Guidelines: A Literature Review of Guideline Representation Models",1,1,0.7045090794563293
Creating Views for Debugging Parallel Programs,1,1,0.8272618651390076
A Nucleation Theory Of Cell Surface Capping,1,1,0.8033860325813293
Optimal ProductionDistribution Planning In Supply Chain Management Using A Hybrid Simulation-Analytic Approach,0,1,0.5533254146575928
Learning Nullspace Policies,1,1,0.8502488732337952
Abstract Energy-Efficient Wireless Communication for Mobile Multimedia Terminals,0,0,0.00040231147431768477
"Wireless Local Area Networks (WiFi-802.11n), Wireless Personal Area Networks (ZigBee) and Wireless Metropolitan Area Networks",0,0,0.4263775646686554
Lecture Notes on Ordered Logic 15-816: Linear Logic,0,0,0.049767427146434784
Associate Director for Science,0,0,7.146410644054413e-05
MULTIPLE-RESOLUTION EDGE-BASED FEATURE REPRESENTATIONS FOR ROBUST FACE SEGMENTATION AND VERIFICATION,1,1,0.8835007548332214
Seamless Projection Overlaps using Image Warping And Intensity Blending,1,1,0.9249370098114014
SCHOLARSHIPS AND ACHIEVEMENTS,0,0,0.0033566472120583057
A Multicast Congestion Control Scheme for Mobile Ad-Hoc Networks,1,1,0.8964579701423645
Rural Health Policy Board Prepared by,0,0,3.3657217954896623e-06
Bibliography,0,0,7.049122814350994e-06
Deliverable Identification Sheet,0,0,0.034279488027095795
Provisions Relating to IETF Documents,0,0,0.11637237668037415
Image Classification Based on a Multiresolution Two,0,0,0.11704783886671066
Real-Time System Analysis Based On State-Space Exploration,1,1,0.872277021408081
Engineering Support Vector Machine Kernels That Recognize Translation Initiation Sites (Extended Abstract),1,0,0.010802957229316235
Inner and outer iterations for the Chebyshev algorithm,1,1,0.7471044063568115
nan,0,0,2.377739519943134e-06
"The TLR-7 Agonist, Imiquimod, Enhances Dendritic Cell Survival and Promotes Tumor Antigen-Specific T Cell Priming: Relation to Central Nervous System Antitumor Immunity 1",1,0,0.23009911179542542
ACKNOWLEDGMENT,0,0,3.436030965531245e-06
ON THE ITERATED A POSTERIORI DISTRIBUTION IN BAYESIAN STATISTICS,1,1,0.6567403674125671
Integration of Fuzzy Control and Model Based Concepts for Disturbed Industrial Plants with Large Dead-Times,1,1,0.8163300156593323
Ricci-Corrected Derivatives AND INVARIANT DIFFERENTIAL OPERATORS,1,1,0.7677540183067322
Extended phase relations and load effects in MSW,1,1,0.7616735100746155
TABLE OF CONTENTS,0,0,5.0635058869374916e-05
nan,0,0,2.377739519943134e-06
H.: Visom Ensembles for Visualization and Classification,0,0,1.4491383808490355e-06
Corporate Headquarters,0,0,7.379053386102896e-07
Mapping Filtering Streaming Applications With Communication Costs,1,1,0.7980996370315552
NASA/TP-2004-213512 Buckling Behavior of Long Anisotropic Plates Subjected to Elastically Restrained Thermal Expansion and Contraction,0,0,0.0002475628862157464
CERIAS Tech Report 2004-27 AN ANALYSIS OF PROPOSED ATTACKS AGAINST GENUINITY TESTS,0,0,0.0001235311501659453
FUTURE IFLA CONFERENCES,0,0,0.011737451888620853
Boundary Equation Methods for Linear Systems of Equations,1,1,0.7215123176574707
nan,0,0,2.377739519943134e-06
Scattering of electromagnetic waves by rough interfaces and inhomogeneous layers,1,1,0.7913563251495361
Scalable Coordination in Sensor Networks,1,1,0.8644618988037109
Journal für die reine und angewandte Mathematik,0,0,0.00063751928973943
"Algebraic cycles and the classical groups, Part II: Quaternionic cycles",1,0,0.41712093353271484
Piecewise c 1 continuous surface reconstruction of noisy point clouds via local implicit quadric regression,1,0,0.020450731739401817
Received,0,0,2.076114242299809e-06
The Salinan and Yurumangu Data in Language in the Americas,1,1,0.6850349307060242
Using Graph-Based Representation to Derive Hard SAT instances,1,1,0.8448208570480347
Security in Oki-Group’s Information System Special Issue on Electronic Commerce/Security Security in Oki-Group’s Information System,0,0,0.99
Multiresolution representations for surfaces meshes based on . . . ,0,0,2.352442425035406e-05
Mining compositional features for boosting,1,0,0.39905601739883423
ABSTRACT Konfidi:  ∗ Trust Networks Using PGP and RDF,0,0,0.002789700636640191
SPATIAL MODELS FOR LOCALIZATION OF IMAGE TAMPERING USING DISTRIBUTED SOURCE CODES,1,1,0.8853886723518372
Bullwhip Effect Measurement and Its Implications,1,1,0.801236629486084
RED in a Different Light,1,1,0.8249507546424866
Transformations for the Optimistic Parallel Execution of Object-Oriented Programs,1,1,0.7624620795249939
Planning with timed literals and deadlines,1,1,0.7866028547286987
On the Scalability of Proof Carrying Code for Software Certification ⋆,1,1,0.7956576943397522
Contribution Number: oif2000.286,0,0,0.00010662247223081067
Ant Algorithms 4.1 4 Some applications of distributed,0,0,0.00011446286225691438
Comparative Analysis of the Stochastic and Parsimonious Interest Rates Models on Croatian Government Market,1,1,0.7702880501747131
Constant queue routing on a mesh,1,1,0.5774418115615845
"ABSTRACT Exploiting the Deep Web with DynaBot: Matching, Probing, and Ranking ∗",0,0,0.0007701251888647676
Concept Based Retrieval By Minimal Term Sets,1,1,0.8710429668426514
Performance Analysis of Key-partitioned Signature Files,1,1,0.8375019431114197
nan,0,0,2.377739519943134e-06
  Determining an Out-of-Core FFT Decomposition Strategy for Parallel Disks by Dynamic Programming,1,1,0.8430783748626709
Quantitative mapping of hydrodynamic vegetation density of floodplain forests using airborne laser scanning,1,1,0.9061914682388306
WHAT IS THE RELATIONSHIP OF DIVERSITY ANALYSIS TO PARTICIPATORY RESEARCH?.........................5 HOW IS PARTICIPATORY RESEARCH DIFFERENT FROM AND COMPLEMENTARY TO CONVENTIONAL,0,0,0.24999789893627167
Very Loopy Belief Propagation for  Unwrapping Phase Images  ,1,1,0.8830046653747559
"of LaborIncentive Effects of Risk Pooling, Redistributive and Savings Arrangements in Unemployment Benefit Systems: Evidence from a Job-Search Model for Brazil",0,0,0.18080276250839233
Chaos Analysis for EKG Time Series Data,1,1,0.8781542778015137
Topic & Issues: DISPOSAL COMPONENT REDUCTIONS – PATHWAY NUMBER 1,0,0,0.99
PROTOMOL: A Molecular Dynamics Research,0,0,0.13060179352760315
Smoothed analysis of the condition numbers and growth factors of matrices,1,1,0.7560219764709473
Efficient Member Revocation in Group Signature Schemes ⋆,1,1,0.8110404014587402
Downloaded from,0,0,1.0566841979198216e-07
Free relative entropy for measures and a corresponding perturbation theory,1,1,0.760831356048584
I The Search for Habitable Worlds,0,0,0.10506431013345718
MICROBIAL FOOD SAFETY ASSESSMENT: DEVELOPMENT AND INTEGRATION OF GENERIC PREDICTIVE MODELLING TOOLS CP-31,1,1,0.6904708743095398
TESTBED A Guide to Configuration Management and the Revision Control System,0,0,0.21605579555034637
A Review of Existing Refinement Tools,1,1,0.7654567360877991
MVCASE Tool – Working with Design Patterns,1,1,0.7014479637145996
real-time,0,0,2.080673084492446e-06
  A Comparative Large Scale Study of MLP Features for Mandarin ASR,1,1,0.9215075969696045
Abstract,0,0,6.2422463997791056e-06
Binary Agents for the Control of Autonomous,0,0,0.0014627526979893446
Applicability Of Wavelet Algorithm For Geophysical Viscoelastic Flow,1,1,0.6535588502883911
SAM: Self-adaptive Dynamic Analysis for Multithreaded Programs ⋆,1,1,0.724187433719635
Table of Contents Acronyms..................................................................................................................................iii,0,0,0.99
Architectural Synthesis of a Complex Application : the Viterbi Algorithm,1,1,0.7386111617088318
AN IMPROVED CLASSIFICATION APPROACH FOR LIDAR POINT CLOUDS ON TEXAS COASTAL AREAS,1,1,0.8842855095863342
This paper is also available in pdf-format at CFE’s homepage: www.cfe.lu.se,0,0,6.847313488833606e-05
Algebraic Manipulation of Modalities,1,1,0.8034184575080872
Molecular Dynamics in Shape Space and Femtosecond Vibrational Spectroscopy of Metal Clusters,1,1,0.738767147064209
Table of Contents,0,0,5.06351534568239e-05
Discontinuity preserving filtering over analytic manifolds,1,1,0.8391703963279724
Alternative Approaches to Analyzing Greenhouse Gas Emissions and Global Climate Change in CEQA Documents,1,1,0.8180953860282898
Generic constructions for secure and efficient confirmer signature schemes (Extended Abstract),1,0,0.03789512440562248
nan,0,0,2.3777438400429673e-06
AREAS OF SPECIALIZATION: Family Gender Social Stratification Comparative Sociology,0,0,0.318683922290802
Location-based Services In Ubiquitous Computing Environments,1,1,0.7692875266075134
Bioinformation by Biomedical Informatics Publishing Group open access www.bioinformation.net Web Database,0,0,8.049144526012242e-06
Code-aided ML joint synchronization and channel estimation for downlink MC-CDMA,1,1,0.8033512234687805
On the Connectivity and Multihop Delay of Ad Hoc Cognitive Radio Networks,1,1,0.8493173122406006
[MS-KILE]: Kerberos Protocol Extensions Intellectual Property Rights Notice for Protocol Documentation,0,0,0.002690782304853201
Some basic properties of sets,1,1,0.6803780198097229
Multiple Model Predictive Control of Hemodynamic Variables: An Experimental Study,1,1,0.8089625835418701
DNA Sequencing through Oligonucleotide Hybridization Method. We construct,0,0,5.426348798209801e-05
in Europe: Tackling Social and,0,0,6.0735557781299576e-05
Grasping ideas with the motor system: Semantic somatotopy in idiom comprehension Cognition and Brain Sciences Unit,0,0,0.3073218762874603
Barriers to a Wide-Area Trusted Network Early Warning System For Electric,0,0,0.009397254325449467
Planning-based Prediction for Pedestrians,1,1,0.8236100077629089
Dual labeling: Answering graph reachability queries in constant time,1,1,0.8700377345085144
Containment of Conjunctive Queries under Access Limitations (extended abstract),1,0,0.04494093358516693
A Keyboard-Based Graphical Web Browser Interface,1,1,0.8117917776107788
Triplex Router: A Versatile Torus Routing Algorithm,1,1,0.8269630074501038
KAM for the Non-Linear Schrödinger Equation – A Short Presentation,1,0,0.11090927571058273
"Expand, Enlarge and Check. . . Made Efficient",1,0,0.08715306967496872
Discovering Semantic Sibling Associations from Web Documents with XTREEM-SP,1,1,0.8902149796485901
Reflexes from Self-Organizing Control in Autonomous Robots,1,1,0.8451051712036133
INSTITUTE OF PHYSICS PUBLISHING PHYSICS IN MEDICINE AND BIOLOGY,0,0,1.4452875802817289e-06
Learning to Learn from Online Dialogue: Are we building,0,1,0.8200692534446716
Internship report- SSA/SSI data-flow analysis,1,1,0.6272268295288086
"Economic Theory (2004) ♣, ♣–♣ Random dynamical systems: a review ⋆",0,0,0.00024926153128035367
On the Potential of Glottal Signatures for Speaker Recognition,1,1,0.9106910824775696
Estimating a Firm’s Expected Cost of Equity Capital Using Consensus Forecasts,1,1,0.8778174519538879
Implementing the Recursive Definition of Abelian Group-Based Fields,1,1,0.7266267538070679
Competition Policy,0,0,1.8952981918118894e-05
CONCLUSIONS AND RECOMMENDATIONS...............................................................................1,0,0,0.99
THE EFFECTS OF SYMBOL SIZE AND WORKLOAD LEVEL ON STATUS AWARENESS OF UNMANNED GROUND VEHICLES,1,1,0.8341159224510193
Do Multinational Enterprises Use Capital More Effectively?” Unpublished manuscript,0,0,0.018058110028505325
"Forma, 15, 133--139, 2000 Original Paper",0,0,0.99
Secure hybrid robust watermarking resistant against tampering and copy attack,1,1,0.8100230693817139
In his article “The Importance of Bicyclist,0,0,0.029914313927292824
"Journal Of Guidance, Control, And Dynamics",0,0,0.003783967113122344
Reconstructing subgraph-counting graph polynomials of increasing families,0,1,0.7586312890052795
The CLEF 2005 automatic medical image annotation task,1,1,0.764840304851532
The Semi-Automatic Generation of Audio Description,0,1,0.6699684262275696
Abhishek,0,0,9.654207133280579e-06
Saccade control through the collicular motor map: Two-dimensional . . . ,0,0,0.0010781442979350686
"Semantics Enhanced Services: METEOR-S, SAWSDL and SA-REST",1,1,0.5501823425292969
This document in subdirectoryRS/04/15/ The Full Abstraction of the UC Framework,0,0,0.00013223099813330919
Building a hybrid Society of Mind using components from ten different authors,1,1,0.7972670793533325
COS Near-UV Flat Fields and High S/N Determination from SMOV Data,1,1,0.7700595855712891
"ISSN: 2230-7109(Online)  | ISSN: 2230-9543(Print) Acute Finger Temperature Changes Preceding Sleep onsets using Labview 1 Pradeep Kumar Jaisal,",0,0,2.5132349037448876e-05
On the Probability of Chaos in Large Dynamical Systems: A Monte Carlo Study,1,1,0.8390985727310181
Detecting Approximate Incomplete Symmetries in Discrete Point Sets,1,1,0.8508182168006897
Construction and Application of Mouse Full-length cDNA Database,1,1,0.64715576171875
Zero Detect-Based Low Power Registers File Access,1,1,0.8243358135223389
IN PRESS: COLLEGE TEACHING Implementation of a Problem-Based Approach in an Undergraduate Cognitive Neuroscience Course,0,0,0.08009839057922363
Reducing Energy Consumption by Dynamic Copying of Instructions onto Onchip Memory ,1,1,0.852867066860199
Evidence on HRT and Coronary,0,0,0.006452625151723623
BMC Medical Genetics BioMed Central,0,0,7.241535371349528e-08
Detecting Network Intrusion Using a Markov Modulated Nonhomogeneous Poisson Process,1,1,0.8774998188018799
Software architecture of the MinneTAC supply-chain trading agent,1,1,0.7264841794967651
Automatic feature detection and pose recovery for faces,1,1,0.8483299612998962
Homogeneous fragmentation processes,1,1,0.7397171258926392
Characterizing peer-to-peer streaming flows,1,1,0.8786479830741882
More Local Structure Information for Make-Model Recognition,1,1,0.8675535917282104
A Tool Kit to Generate 3D Animated CAESAR Bodies The Civilian American and European Surface,0,1,0.6505066156387329
Distribution list,0,0,8.68999177328078e-06
Local Dimensionality Reduction: A New Approach to Indexing High Dimensional Spaces,1,1,0.8592462539672852
TOTAL VARIATION WAVELET BASED MEDICAL IMAGE DENOISING,1,1,0.8821699619293213
1999 Joint Meeting EFTF- IEEE IFCS A Layerwise Plate Theory for the Vibrations of Electroded Crystal Plates,0,0,3.9642859519517515e-06
"(2009). Can We Aff ord the Future: The Economics of a Warming World. London: ZED Books., and Elizabeth Stanton (2009). Projections Regarding Climate Change and",0,0,8.202227036235854e-05
Scheduling Planned Maintenance of the South Wales Region of the National Grid,1,1,0.8117436170578003
THE EUROPEAN PHYSICAL JOURNAL E c○ EDP Sciences,0,0,0.00011319485929561779
Gapped Extension for Local Multiple Alignment of Interspersed DNA Repeats,1,1,0.8920617699623108
Errors Detection and Correction in Large Scale Data Collecting,1,1,0.8268080949783325
nan,0,0,2.377741566306213e-06
Printed in the United States of America A Configurable ACSL-Based Interface Generator for Simulated Systems,0,0,4.2270825360901654e-05
Quadrature-Free Implementation Of The Discontinuous Galerkin Method For Hyperbolic Equations,1,1,0.7039573192596436
c ○ World Scientific Publishing Company PHASE SYNCHRONIZATION IN REGULAR AND CHAOTIC SYSTEMS,0,0,8.099466867861338e-06
A NEW APPROXIMATION RESULT FOR BV-FUNCTIONS,1,1,0.6896528601646423
CODA: Coordinating Human Planners,1,0,0.2651163339614868
Sphere packing numbers for subsets of the Boolean n-cube with bounded Vapnik-Chervonenkis dimension,1,1,0.622677206993103
Ontobroker: Transforming the WWW into a Knowledge Base,1,1,0.8128041625022888
Sponsors Supporters,0,0,6.446927727665752e-06
1 The Left-Right Planarity Test 2 3,0,0,0.09345900267362595
REVISE: Logic programming and diagnosis,1,0,0.4799787402153015
Distributed Problem Solving through Coordination in a Society of Agents,1,1,0.7702958583831787
The expressive power of gestures: Capturing scent in a spatial shape,1,1,0.8893524408340454
The architecture of complexity,1,1,0.5240445733070374
A Comparison of Two Conformal Methods for FDTD Modeling,1,1,0.8165632486343384
"Technical Report TML-B7, Publications in Telecommunications Software and Multimedia, Helsinki University of Technology Meshless Finite Elements for Hierarchical Global Illumination",0,0,3.5178655366507883e-07
Solution based on ILLM confirmation rule,1,0,0.029409734532237053
C.: A general framework for personalized text classification and annotation,0,0,6.0479236708488315e-05
How to Automatically and Accurately Sandbox Microsoft IIS,1,1,0.8090189099311829
Report on repartitioning algorithms and the DRAMA library,1,1,0.6272444725036621
Preliminary Report on the Design of a Framework for Distributed Visualization,1,0,0.3928215205669403
Agricultural Diversification in South Asia: Beyond Food Security,1,1,0.7637400031089783
Cryptanalysis of the Cellular Message Encryption Algorithm,1,1,0.7273954749107361
McKibben Artificial Muscles: Pneumatic Actuators with Biomechanical Intelligence,1,0,0.15299226343631744
",G.Gomez b,M.Lo a",0,0,0.99
ITS4: A Static Vulnerability Scanner for C and C++ Code,1,1,0.8507087826728821
IGVC 2007 Autonomous Vehicle Team Members,0,0,0.1995842158794403
User-Guided Symbiotic Space-Sharing of Real Workloads ABSTRACT,0,0,0.00048522636643610895
Recommending materialized views and indexes with ibm db2 design advisor,1,0,0.11562122404575348
Increasing age Cigarette smoking Diabetes,0,1,0.7095956802368164
"A SET OF NEW SMARANDACHE FUNCTIONS, SEQUENCES AND CONJECTURES IN NUMBER THEORY  ",1,1,0.514617919921875
Are positional externalities different from other externalities,0,1,0.7332493662834167
(Extended Abstract),0,0,0.0016204487765207887
The author recently completed an internship in Fonkoze’s Market Research and Social Performance Monitoring Department.,0,0,0.000734421715606004
Large Integer Multiplication on Massively Parallel Processors,1,1,0.8232158422470093
Finitely additive measures on groups and rings,1,1,0.7724786996841431
Performance Comparison of Location Areas and Reporting Centers under Individualized Mobility Models,1,1,0.861885666847229
• Sensors,0,0,6.833353836555034e-06
Modeling A 5-Dof Haptic Interface,0,1,0.7721223831176758
User friendliness? User empowerment? How to make a choice?,1,1,0.7574415802955627
nan,0,0,2.3777438400429673e-06
On the Turing degrees of weakly computable real numbers,1,1,0.7057169079780579
RECONFIGURABLE ARCHITECTURE PROPOSAL APPLIED TO MOBILE ROBOTS,0,1,0.724886953830719
Weakly Iterated Block Products of Finite,0,0,0.001247796812094748
A Two Level Fuzzy PRM for Manipulation Planning,1,1,0.8329756855964661
Release Date,0,0,3.962373284593923e-06
Collectinmediated antiviral host defense of the lung: evidence from influenza virus infection of mice,1,1,0.6794576048851013
Generating Succinct Titles for Web URLs,1,1,0.9261924028396606
A Model Checker for Value-Passing Mu-Calculus using Logic Programming,1,1,0.7669054269790649
REENGINEERING LINGUISTIC RESOURCES FOR MACHINE TRANSLATION IN MEDICAL APPLICATIONS,1,1,0.8777092695236206
From Simulink 1 to SCADE 2 /Lustre to TTA: a layered approach for distributed embedded applications,1,0,0.4452965259552002
The time-triggered sensor fusion model,1,1,0.7522878050804138
"Economics and Politics, volume 12, No. 2, July 2000, p. 155-181.",0,0,0.99
The Loss in Efficiency from Using Grouped Data to Estimate Coefficients of Group Level Variables,1,1,0.8180583715438843
Review articles,0,0,0.00012400452396832407
Using Neural Networks to predict aircraft trajectories,1,1,0.8389109373092651
Programming Languages - Guide for the Use of the Ada Programming Language in High Integrity Systems,1,1,0.5534254312515259
"Tensor products and correlation estimates with applications to nonlinear Schrödinger equations, preprint",0,0,0.0008818283677101135
Pattern Analysis and Applications manuscript No. (will be inserted by the editor) Recognizing Convex Polygons with Few Finger Probes,0,0,0.0003396752872504294
Architectural CCS,1,0,0.00010818698501680046
Appearance Graph Generation Using Ray Tracing and Graph Matching,1,1,0.5964064002037048
Superlinearly convergent algorithms for solving singular equations and smooth reformulations of complementarity problems,1,1,0.6950170397758484
An Experimental Study of House Allocation Mechanisms,1,1,0.7656996250152588
External,0,0,1.3304867252372787e-06
Application of Space-Time Prisms for the Measurement of Accessibility,1,1,0.7667786478996277
Boundary layer analysis of the quasi-neutral limits in the drift-diusion equations,1,1,0.8003250956535339
Playing Challenging Iterated Two-Person Games Well: A Case Study on the Iterated Traveler’s Dilemma,1,1,0.8141039609909058
WLV: A confidence-based machine learning method for the GREC-NEG’09 task,1,1,0.8372048139572144
Augmenting undirected connectivity in RNC and in randomized O(n3) time,1,1,0.7101326584815979
Placing a Robot Manipulator Amid Obstacles for Optimized Execution,1,1,0.9184082746505737
Do we really need common variable orders for synthesizing OBDDs?,1,1,0.9032830595970154
AXIOMATIC FRAMEWORK FOR THE BGG CATEGORY O,0,1,0.5322204828262329
"Estuarine, Coastal and Shelf Science 59 (2004) 13e20 Interpreting the colour of an estuary",0,0,0.00010466627281857654
Non-interactive verifiable computation: Outsourcing computation to untrusted workers,1,1,0.7999231815338135
"Opportunities for and Impacts of Carsharing: A Survey of the Austin, Texas Market By",0,0,0.03713182359933853
Human reasoning with imprecise probabilities: Modus ponens and Denying the antecedent,1,1,0.6584935784339905
Abstract,0,0,6.242228664632421e-06
GRANTS,0,0,6.411280082829762e-06
OCTANE: a new heuristic for pure 0-1 programs,1,1,0.8291394710540771
